,listing_id,date,status,z_score,price,probable_close_price,ultimately_booked,day_of_week,predict
2242,14790,2014-08-22 00:00:00,0,0.0,,,1,4,475.3333333333606
2243,14790,2014-08-23 00:00:00,0,0.0,,,1,5,475.33333333337987
2244,14790,2014-08-29 00:00:00,0,0.0,,,1,4,500.0000000000218
2245,14790,2014-08-30 00:00:00,0,0.0,,,1,5,500.00000000003047
2246,14790,2014-08-31 00:00:00,0,0.0,,,1,6,270.0000000000387
2247,14790,2014-09-11 00:00:00,0,0.0,,,1,3,363.33333333330677
2248,14790,2014-09-12 00:00:00,0,0.0,,,1,4,396.6666666666314
2249,14790,2014-09-13 00:00:00,0,0.0,,,1,5,396.66666666661587
2250,14790,2014-09-14 00:00:00,1,0.0,861.0,861.0,1,6,319.9999999999841
2251,14790,2014-09-15 00:00:00,1,0.0,861.0,861.0,1,0,320.0000000000141
2252,14790,2014-09-16 00:00:00,1,0.0,861.0,861.0,1,1,282.4999999999918
2253,14790,2014-09-17 00:00:00,1,0.0,861.0,861.0,1,2,303.3333333333251
2254,14790,2014-09-18 00:00:00,1,0.0,861.0,861.0,1,3,328.33333333337316
2255,14790,2014-09-19 00:00:00,1,0.0,861.0,861.0,1,4,396.6666666666718
2256,14790,2014-09-20 00:00:00,1,0.0,861.0,861.0,1,5,396.66666666666566
2257,14790,2014-09-26 00:00:00,0,0.0,,,1,4,353.7499999999959
2258,14790,2014-09-27 00:00:00,0,0.0,,,1,5,353.7500000000016
2259,14790,2014-09-28 00:00:00,0,0.0,,,1,6,336.3339920948733
2260,14790,2014-10-02 00:00:00,1,0.0,859.0,859.0,1,3,750.0000000000234
2261,14790,2014-10-03 00:00:00,1,0.0,859.0,859.0,1,4,774.999999999998
2262,14790,2014-10-04 00:00:00,1,0.0,859.0,859.0,1,5,775.0000000000025
2263,14790,2014-10-05 00:00:00,1,0.0,859.0,859.0,1,6,940.5555555555605
2264,14790,2014-10-06 00:00:00,1,0.0,859.0,,0,0,686.5833333333405
2265,14790,2014-10-07 00:00:00,1,0.0,344.0,,0,1,604.769230769236
2266,14790,2014-10-08 00:00:00,1,0.0,344.0,,0,2,626.0833333333483
2267,14790,2014-10-09 00:00:00,1,0.0,859.0,,0,3,980.7142857142844
2268,14790,2014-10-10 00:00:00,1,0.0,859.0,,0,4,1035.8333333333437
2269,14790,2014-10-11 00:00:00,1,0.0,859.0,,0,5,1035.83333333333
2270,14790,2014-10-12 00:00:00,1,0.0,859.0,,0,6,995.0000000000066
2271,14790,2014-10-13 00:00:00,1,0.0,859.0,,0,0,579.8750000000061
2272,14790,2014-10-14 00:00:00,1,0.0,344.0,,0,1,518.8000000000021
2273,14790,2014-10-15 00:00:00,1,0.0,344.0,,0,2,518.8000000000051
2274,14790,2014-10-16 00:00:00,0,0.0,,,1,3,599.2857142857179
2275,14790,2014-10-17 00:00:00,0,0.0,,,1,4,658.333333333331
2276,14790,2014-10-18 00:00:00,0,0.0,,,1,5,658.3333333333321
2277,14790,2014-10-19 00:00:00,0,0.0,,,1,6,536.8181818181895
2278,14790,2014-10-20 00:00:00,1,0.0,344.0,,0,0,509.00000000000506
2279,14790,2014-10-21 00:00:00,1,0.0,344.0,,0,1,482.2500000000063
2280,14790,2014-10-22 00:00:00,1,0.0,344.0,,0,2,482.2499999999951
2281,14790,2014-10-23 00:00:00,1,0.0,861.0,,0,3,552.5000000000089
2282,14790,2014-10-24 00:00:00,1,0.0,861.0,,0,4,579.4285714285576
2283,14790,2014-10-25 00:00:00,1,0.0,861.0,,0,5,579.4285714285729
2284,14790,2014-10-26 00:00:00,1,0.0,861.0,,0,6,535.0000000000064
2285,14790,2014-10-27 00:00:00,1,0.0,861.0,,0,0,501.1818181818171
2286,14790,2014-10-28 00:00:00,1,0.0,861.0,,0,1,492.0909090909125
2287,14790,2014-10-29 00:00:00,1,0.0,861.0,,0,2,858.7499999999925
2288,14790,2014-10-30 00:00:00,1,0.0,1729.0,,0,3,1023.6363636363382
2289,14790,2014-10-31 00:00:00,1,0.0,1729.0,,0,4,1145.9999999999811
2290,14790,2014-11-01 00:00:00,1,0.0,1729.0,,0,5,1145.9999999999848
2291,14790,2014-11-02 00:00:00,1,0.0,1729.0,,0,6,1135.9999999999977
2292,14790,2014-11-03 00:00:00,1,0.0,1729.0,,0,0,798.9999999999955
2293,14790,2014-11-04 00:00:00,1,0.0,344.0,,0,1,480.1666666666612
2294,14790,2014-11-05 00:00:00,1,0.0,344.0,,0,2,482.2500000000081
2295,14790,2014-11-06 00:00:00,1,0.0,861.0,,0,3,535.9000000000045
2296,14790,2014-11-07 00:00:00,1,0.0,861.0,,0,4,600.1428571428592
2297,14790,2014-11-08 00:00:00,1,0.0,861.0,,0,5,628.3333333333335
2298,14790,2014-11-09 00:00:00,1,0.0,861.0,,0,6,582.8825581395328
2299,14790,2014-11-10 00:00:00,1,0.0,861.0,,0,0,501.6352713178236
2300,14790,2014-11-11 00:00:00,1,0.0,861.0,,0,1,475.863695090439
2301,14790,2014-11-12 00:00:00,1,0.0,344.0,,0,2,554.6586165772251
2302,14790,2014-11-13 00:00:00,1,0.0,344.0,,0,3,573.4580103359233
2303,14790,2014-11-14 00:00:00,1,0.0,517.0,,0,4,609.9999999999975
2304,14790,2014-11-15 00:00:00,1,0.0,517.0,,0,5,609.9999999999952
2305,14790,2014-11-16 00:00:00,1,0.0,344.0,,0,6,561.9305307096037
2306,14790,2014-11-17 00:00:00,1,0.0,344.0,,0,0,561.7776114935645
2307,14790,2014-11-18 00:00:00,1,0.0,344.0,,0,1,483.57747395833485
2308,14790,2014-11-19 00:00:00,1,0.0,344.0,,0,2,477.9898293963253
2309,14790,2014-11-20 00:00:00,1,0.0,344.0,,0,3,473.00060569352155
2310,14790,2014-11-21 00:00:00,1,0.0,517.0,,0,4,509.4086348434199
2311,14790,2014-11-22 00:00:00,1,0.0,517.0,,0,5,510.609929078016
2312,14790,2014-11-23 00:00:00,1,0.0,344.0,,0,6,428.1816077360139
2313,14790,2014-11-24 00:00:00,1,0.0,344.0,,0,0,407.3289331777261
2314,14790,2014-11-25 00:00:00,1,0.0,344.0,,0,1,403.73789613070966
2315,14790,2014-11-26 00:00:00,1,0.0,344.0,,0,2,419.44893317772244
2316,14790,2014-11-27 00:00:00,1,0.0,672.4,,0,3,462.4741641337441
2317,14790,2014-11-28 00:00:00,1,0.0,672.4,,0,4,485.53382581149555
2318,14790,2014-11-29 00:00:00,1,0.0,672.4,,0,5,486.0566221640831
2319,14790,2014-11-30 00:00:00,1,0.0,344.0,,0,6,413.6569389476452
2320,14790,2014-12-01 00:00:00,1,0.0,344.0,,0,0,452.4006748750706
2321,14790,2014-12-02 00:00:00,0,0.0,,,1,1,457.0075987841927
2322,14790,2014-12-03 00:00:00,0,0.0,,,1,2,457.79331306990645
2323,14790,2014-12-04 00:00:00,0,0.0,,,1,3,463.2386018237072
2324,14790,2014-12-05 00:00:00,1,0.0,574.0,,0,4,515.4075286415725
2325,14790,2014-12-06 00:00:00,1,0.0,574.0,,0,5,515.6939443535182
2326,14790,2014-12-07 00:00:00,1,0.0,344.0,,0,6,451.0312056737664
2327,14790,2014-12-08 00:00:00,1,0.0,344.0,,0,0,450.0453900709249
2328,14790,2014-12-09 00:00:00,1,0.0,344.0,,0,1,433.4045548654244
2329,14790,2014-12-10 00:00:00,1,0.0,344.0,,0,2,434.3893167701875
2330,14790,2014-12-11 00:00:00,1,0.0,574.0,,0,3,440.36836438923604
2331,14790,2014-12-12 00:00:00,1,0.0,574.0,,0,4,507.4285714285774
2332,14790,2014-12-13 00:00:00,1,0.0,574.0,,0,5,507.42857142857787
2333,14790,2014-12-14 00:00:00,1,0.0,192.29813664596273,,0,6,441.2191659272396
2334,14790,2014-12-15 00:00:00,1,0.0,192.29813664596273,,0,0,433.7245548654286
2335,14790,2014-12-16 00:00:00,1,0.0,192.29813664596273,,0,1,433.40455486542686
2336,14790,2014-12-17 00:00:00,1,0.0,192.29813664596273,,0,2,434.3683643892343
2337,14790,2014-12-18 00:00:00,1,-0.060511980317570505,472.57142857142856,,0,3,440.0712215320894
2338,14790,2014-12-19 00:00:00,1,0.0,574.0,,0,4,500.29999999999836
2339,14790,2014-12-20 00:00:00,1,0.0,574.0,,0,5,501.0000000000043
2340,14790,2014-12-21 00:00:00,1,0.0,344.0,,0,6,433.47312629400125
2341,14790,2014-12-22 00:00:00,1,0.0,344.0,,0,0,432.0578881987557
2342,14790,2014-12-23 00:00:00,1,0.0,344.0,,0,1,444.64177018632864
2343,14790,2014-12-24 00:00:00,1,0.0,344.0,,0,2,475.7357142857114
2344,14790,2014-12-25 00:00:00,1,0.0,574.0,,0,3,488.46666666666647
2345,14790,2014-12-26 00:00:00,1,0.0,574.0,,0,4,516.742857142855
2346,14790,2014-12-27 00:00:00,1,0.0,574.0,,0,5,496.74285714286094
2347,14790,2014-12-28 00:00:00,1,0.0,574.0,,0,6,446.78012422359893
2348,14790,2014-12-29 00:00:00,1,0.0,344.0,,0,0,445.90393374740484
2349,14790,2014-12-30 00:00:00,1,-0.747418312209446,344.0,344.0,1,1,497.14285714285955
2350,14790,2014-12-31 00:00:00,1,-0.7018836509260691,344.0,344.0,1,2,534.3571428571424
2351,14790,2015-01-01 00:00:00,1,0.0,574.0,,0,3,491.97445652174224
2352,14790,2015-01-02 00:00:00,1,0.0,574.0,,0,4,454.5645714285766
2353,14790,2015-01-03 00:00:00,1,0.0,574.0,,0,5,457.7815439219209
2354,14790,2015-01-04 00:00:00,1,0.0,641.5031055900621,,0,6,413.76674120082885
2355,14790,2015-01-05 00:00:00,1,0.0,519.7142857142857,,0,0,412.35150310558953
2356,14790,2015-01-06 00:00:00,1,0.0,519.7142857142857,,0,1,412.26388405797195
2357,14790,2015-01-07 00:00:00,1,0.0,519.7142857142857,,0,2,413.1092173913016
2358,14790,2015-01-08 00:00:00,1,0.0,574.0,,0,3,417.4280745341573
2359,14790,2015-01-09 00:00:00,1,0.0,574.0,,0,4,471.9163812842166
2360,14790,2015-01-10 00:00:00,1,0.0,574.0,,0,5,472.98332005973606
2361,14790,2015-01-11 00:00:00,1,0.0,519.7142857142857,,0,6,406.90203039943054
2362,14790,2015-01-12 00:00:00,1,0.023635523451683786,361.14285714285717,,0,0,407.9565939504091
2363,14790,2015-01-13 00:00:00,1,0.026565796894022546,361.14285714285717,,0,1,407.8689749027963
2364,14790,2015-01-14 00:00:00,1,0.02043673273274031,361.14285714285717,,0,2,408.20878442660546
2365,14790,2015-01-15 00:00:00,1,0.0,641.5031055900621,,0,3,442.20387850325227
2366,14790,2015-01-16 00:00:00,1,0.0,641.5031055900621,,0,4,511.01829268292374
2367,14790,2015-01-17 00:00:00,1,0.0,641.5031055900621,,0,5,511.420490485124
2368,14790,2015-01-18 00:00:00,1,0.021180807398396336,482.93167701863354,,0,6,453.0169860627178
2369,14790,2015-01-19 00:00:00,1,0.02759537685366317,361.14285714285717,,0,0,430.46368757257926
2370,14790,2015-01-20 00:00:00,1,0.030654547232404968,361.14285714285717,,0,1,398.5369232776138
2371,14790,2015-01-21 00:00:00,1,0.02759537685366317,361.14285714285717,,0,2,425.3971865373928
2372,14790,2015-01-22 00:00:00,1,0.0,574.0,,0,3,437.413652387786
2373,14790,2015-01-23 00:00:00,1,0.0,574.0,,0,4,490.0986505609674
2374,14790,2015-01-24 00:00:00,1,0.0,574.0,,0,5,487.23581831695924
2375,14790,2015-01-25 00:00:00,1,0.02941367619210317,361.14285714285717,,0,6,434.6534331696654
2376,14790,2015-01-26 00:00:00,1,0.02941367619210317,361.14285714285717,,0,0,428.29173450151706
2377,14790,2015-01-27 00:00:00,1,0.011758036014196126,358.16149068322983,,0,1,434.871734501516
2378,14790,2015-01-28 00:00:00,1,0.02941367619210317,361.14285714285717,,0,2,435.78792497769734
2379,14790,2015-01-29 00:00:00,1,0.0,574.0,,0,3,438.0793535491399
2380,14790,2015-01-30 00:00:00,1,0.0,574.0,574.0,1,4,485.1357331723672
2381,14790,2015-01-31 00:00:00,1,0.0,574.0,574.0,1,5,488.984622061262
2382,14790,2015-02-01 00:00:00,1,-0.4356383422943086,358.2546583850932,,0,6,452.1580770906047
2383,14790,2015-02-02 00:00:00,1,-0.39230750363484224,361.14285714285717,,0,0,450.53593423344773
2384,14790,2015-02-03 00:00:00,1,-0.26509046970588784,358.37888198757764,,0,1,447.76736280487245
2385,14790,2015-02-04 00:00:00,1,-0.29021039304169904,358.37888198757764,,0,2,452.0084342334534
2386,14790,2015-02-05 00:00:00,1,1.5560593691975664,891.8571428571429,,0,3,454.6920056620204
2387,14790,2015-02-06 00:00:00,1,0.7602065084057206,912.3540372670808,,0,4,496.21197171551546
2388,14790,2015-02-07 00:00:00,1,0.689531972450801,891.8571428571429,,0,5,493.171299446612
2389,14790,2015-02-08 00:00:00,1,-0.28464535584957273,358.37888198757764,,0,6,440.8665065158626
2390,14790,2015-02-09 00:00:00,1,-0.32756618097881546,358.37888198757764,,0,0,436.88166686394163
2391,14790,2015-02-10 00:00:00,1,-0.31708392155415577,358.37888198757764,,0,1,446.73799673017595
2392,14790,2015-02-11 00:00:00,1,-0.32803919412513627,358.37888198757764,,0,2,515.5264725622123
2393,14790,2015-02-12 00:00:00,1,0.617196722801677,959.360248447205,,0,3,465.4257561180701
2394,14790,2015-02-13 00:00:00,1,0.6454390709535923,959.360248447205,,0,4,506.24123599423115
2395,14790,2015-02-14 00:00:00,1,0.6715672961877197,959.360248447205,,0,5,506.50596030500776
2396,14790,2015-02-15 00:00:00,1,-0.28854267723513605,480.167701863354,,0,6,446.3174189610265
2397,14790,2015-02-16 00:00:00,1,0.002264582755880247,480.167701863354,,0,0,440.9395797920709
2398,14790,2015-02-17 00:00:00,1,-0.2607437163545716,358.37888198757764,,0,1,441.030700639104
2399,14790,2015-02-18 00:00:00,1,-0.2908581843058622,358.37888198757764,,0,2,448.0727746765738
2400,14790,2015-02-19 00:00:00,1,1.3253260814709793,891.8571428571429,,0,3,468.7375426821296
2401,14790,2015-02-20 00:00:00,1,1.3176231353557217,891.8571428571429,,0,4,531.622730874423
2402,14790,2015-02-21 00:00:00,1,1.245124565771602,891.8571428571429,,0,5,529.1812233213191
2403,14790,2015-02-22 00:00:00,1,-0.3520301018779752,358.8397435897436,,0,6,457.08278113100556
2404,14790,2015-02-23 00:00:00,1,-0.27692737944820495,358.8397435897436,,0,0,437.2049517358462
2405,14790,2015-02-24 00:00:00,1,-0.2865150549234808,358.8397435897436,,0,1,438.9245030179112
2406,14790,2015-02-25 00:00:00,1,-0.398463841433294,358.8397435897436,,0,2,442.6298685640621
2407,14790,2015-02-26 00:00:00,1,0.3419474714450224,574.0,574.0,1,3,444.5894908414247
2408,14790,2015-02-27 00:00:00,1,0.01507399098107739,574.0,574.0,1,4,504.3945907056535
2409,14790,2015-02-28 00:00:00,1,0.12096833276607324,574.0,574.0,1,5,519.9510691436885
2410,14790,2015-03-01 00:00:00,1,-0.3989230334594479,383.1830985915493,,0,6,457.6412157205066
2411,14790,2015-03-02 00:00:00,1,-0.40941837587202823,383.1830985915493,,0,0,476.0535487502356
2412,14790,2015-03-03 00:00:00,1,-0.3865575550093227,383.1830985915493,,0,1,476.0621553076338
2413,14790,2015-03-04 00:00:00,1,-0.4101908513528668,383.1830985915493,,0,2,523.5695450635737
2414,14790,2015-03-05 00:00:00,1,1.0773571307372267,972.6549295774648,,0,3,527.5982335881554
2415,14790,2015-03-06 00:00:00,1,0.9434723806332171,972.6549295774648,,0,4,692.6330158868093
2416,14790,2015-03-07 00:00:00,1,0.9435257279498711,972.6549295774648,,0,5,693.2514369394423
2417,14790,2015-03-08 00:00:00,1,0.18934301664307637,698.9577464788732,,0,6,643.2511604944298
2418,14790,2015-03-09 00:00:00,1,0.9785497652024,1018.6056338028169,,0,0,677.3542251054841
2419,14790,2015-03-10 00:00:00,1,0.38246468358135616,824.6619718309859,,0,1,682.5499651628265
2420,14790,2015-03-11 00:00:00,1,0.9984996383071412,1624.7323943661972,,0,2,964.5534945393556
2421,14790,2015-03-12 00:00:00,1,3.3378737132965055,3447.0,,0,3,1545.2090260228758
2422,14790,2015-03-13 00:00:00,1,3.4340669112842352,3447.0,,0,4,1966.361111111112
2423,14790,2015-03-14 00:00:00,1,3.4030552476730764,3447.0,,0,5,1958.86111111112
2424,14790,2015-03-15 00:00:00,1,3.444511548449766,3447.0,,0,6,1880.7828282828232
2425,14790,2015-03-16 00:00:00,1,3.545877422679085,3447.0,,0,0,1869.9959430368488
2426,14790,2015-03-17 00:00:00,1,1.8004900334230602,2082.9349593495936,,0,1,1769.7726168791783
2427,14790,2015-03-18 00:00:00,1,1.8879311810096782,2082.9349593495936,,0,2,1538.4615975626305
2428,14790,2015-03-19 00:00:00,1,1.9070114567799135,2082.9349593495936,,0,3,1424.7413381668066
2429,14790,2015-03-20 00:00:00,1,1.859934522502661,2082.9349593495936,,0,4,1437.6708434434356
2430,14790,2015-03-21 00:00:00,1,1.6568457087646147,2082.9349593495936,,0,5,1364.9402869249743
2431,14790,2015-03-22 00:00:00,1,2.1623780964010897,2082.9349593495936,,0,6,1031.8902999887937
2432,14790,2015-03-23 00:00:00,1,0.6144276994167691,1040.0081300813008,,0,0,704.4474021553283
2433,14790,2015-03-24 00:00:00,1,0.6029242901297647,1040.0081300813008,,0,1,527.4753281956524
2434,14790,2015-03-25 00:00:00,1,-0.46706082836431206,387.650406504065,,0,2,467.6027104067339
2435,14790,2015-03-26 00:00:00,1,1.3363774202545389,1069.1138211382113,,0,3,456.3413786975293
2436,14790,2015-03-27 00:00:00,1,1.0498540315250326,1069.1138211382113,,0,4,492.90038186907844
2437,14790,2015-03-28 00:00:00,1,1.113277982902129,1069.1138211382113,,0,5,494.3573946195315
2438,14790,2015-03-29 00:00:00,1,-0.4229914853641003,387.650406504065,,0,6,446.8784921565508
2439,14790,2015-03-30 00:00:00,1,-0.372223314845228,387.650406504065,,0,0,435.9735964210822
2440,14790,2015-03-31 00:00:00,1,-0.35660800305913226,387.650406504065,,0,1,435.6621210112421
2441,14790,2015-04-01 00:00:00,1,-0.18563821664449792,433.1311475409836,,0,2,416.810518657015
2442,14790,2015-04-02 00:00:00,1,1.0483339000116,866.4414414414415,,0,3,418.5278359716765
2443,14790,2015-04-03 00:00:00,1,0.9417268119383109,866.4414414414415,,0,4,474.45217425830344
2444,14790,2015-04-04 00:00:00,1,0.9083051763501088,866.4414414414415,,0,5,474.4521742582998
2445,14790,2015-04-05 00:00:00,1,-0.301874674707231,407.97297297297297,,0,6,432.39629514165085
2446,14790,2015-04-06 00:00:00,1,-0.3276241855297958,407.97297297297297,,0,0,426.7508019180824
2447,14790,2015-04-07 00:00:00,1,-0.3467879545873738,407.97297297297297,,0,1,426.1908019180781
2448,14790,2015-04-08 00:00:00,1,-0.3624410221939569,407.97297297297297,,0,2,423.96403025285673
2449,14790,2015-04-09 00:00:00,1,1.0918118575835554,1148.6036036036037,,0,3,464.6143304951823
2450,14790,2015-04-10 00:00:00,1,1.2734003033096493,1148.6036036036037,,0,4,494.51519890140855
2451,14790,2015-04-11 00:00:00,1,1.2734003033096493,1148.6036036036037,,0,5,493.59106733344674
2452,14790,2015-04-12 00:00:00,1,-0.3837326155549645,407.97297297297297,,0,6,457.9398670165211
2453,14790,2015-04-13 00:00:00,1,-0.3439967439427725,400.22222222222223,,0,0,427.9178608081565
2454,14790,2015-04-14 00:00:00,1,-0.306059115285046,400.22222222222223,,0,1,425.32835685416876
2455,14790,2015-04-15 00:00:00,1,-0.3183709082769254,400.22222222222223,,0,2,425.37829136467235
2456,14790,2015-04-16 00:00:00,1,1.441968332958091,1148.7115384615386,,0,3,426.2662300063453
2457,14790,2015-04-17 00:00:00,1,1.3907595623935538,1148.7115384615386,1149.0,1,4,470.4787523600911
2458,14790,2015-04-18 00:00:00,1,1.3907595623935538,1148.7115384615386,1149.0,1,5,468.4367943181385
2459,14790,2015-04-19 00:00:00,1,-0.4070064978502421,389.1923076923077,,0,6,438.45001124442047
2460,14790,2015-04-20 00:00:00,1,-0.3194477023496824,386.3009708737864,339.0,1,0,424.4040736740948
2461,14790,2015-04-21 00:00:00,1,-0.4276646362414614,339.0,339.0,1,1,419.8933600907883
2462,14790,2015-04-22 00:00:00,1,-0.5244012811567013,339.0,,0,2,420.848563710702
2463,14790,2015-04-23 00:00:00,1,1.102572070298169,1030.685393258427,,0,3,435.94930702824416
2464,14790,2015-04-24 00:00:00,1,1.1136587855790199,1149.0,,0,4,478.53225730295577
2465,14790,2015-04-25 00:00:00,1,1.1136587855790199,1149.0,,0,5,478.5322573029482
2466,14790,2015-04-26 00:00:00,1,-0.5566429929086119,339.0,,0,6,431.3273557321743
2467,14790,2015-04-27 00:00:00,1,-0.5304223824350435,339.0,,0,0,422.8952185354063
2468,14790,2015-04-28 00:00:00,1,-0.5199125907772858,339.0,,0,1,421.65313708744486
2469,14790,2015-04-29 00:00:00,1,-0.5181534427445674,339.0,,0,2,422.21173437251434
2470,14790,2015-04-30 00:00:00,1,1.4071638825644899,1149.0,,0,3,425.6988693793496
2471,14790,2015-05-01 00:00:00,1,1.2984146148485107,1149.0,,0,4,488.79336416412474
2472,14790,2015-05-02 00:00:00,1,1.297597261211632,1149.0,,0,5,491.1536126113328
2473,14790,2015-05-03 00:00:00,1,-0.5316003497172073,339.0,,0,6,443.12249402058376
2474,14790,2015-05-04 00:00:00,1,-0.5321318026157987,339.0,,0,0,427.1365992521537
2475,14790,2015-05-05 00:00:00,1,-0.5095072580503176,339.0,,0,1,426.9642010621164
2476,14790,2015-05-06 00:00:00,1,-0.5250096874544047,339.0,,0,2,428.59904269107983
2477,14790,2015-05-07 00:00:00,1,1.3075658221155075,1149.0,,0,3,437.08170345340545
2478,14790,2015-05-08 00:00:00,1,1.2382000685131382,1149.0,,0,4,491.8699793008605
2479,14790,2015-05-09 00:00:00,1,1.2382000685131382,1149.0,,0,5,492.1862145949797
2480,14790,2015-05-10 00:00:00,1,-0.5802394068513073,339.0,,0,6,448.65705595004556
2481,14790,2015-05-11 00:00:00,1,-0.5464813743712261,339.0,,0,0,428.6369682892217
2482,14790,2015-05-12 00:00:00,1,-0.5033412460043825,339.0,,0,1,426.2581447598165
2483,14790,2015-05-13 00:00:00,1,-0.5214855543070768,339.0,,0,2,426.80873299510836
2484,14790,2015-05-14 00:00:00,1,1.2651241659527879,1149.0,,0,3,438.46239714349844
2485,14790,2015-05-15 00:00:00,1,1.1470498097939172,1149.0,,0,4,486.48975590879223
2486,14790,2015-05-16 00:00:00,1,1.1470498097939172,1149.0,,0,5,491.8745743906404
2487,14790,2015-05-17 00:00:00,1,-0.5281824621666283,339.0,,0,6,441.152113959741
2488,14790,2015-05-18 00:00:00,1,-0.49406954919015794,339.0,,0,0,426.7802998586351
2489,14790,2015-05-19 00:00:00,1,-0.47734216367074106,339.0,,0,1,426.5934220305836
2490,14790,2015-05-20 00:00:00,1,-0.5101027572661204,339.0,,0,2,427.1155939762838
2491,14790,2015-05-21 00:00:00,1,1.6630248775311518,1288.5505617977528,,0,3,455.23904379710206
2492,14790,2015-05-22 00:00:00,1,1.4116656598141435,1288.5505617977528,,0,4,537.3481268770136
2493,14790,2015-05-23 00:00:00,1,1.4116656598141435,1288.5505617977528,,0,5,540.7883346186513
2494,14790,2015-05-24 00:00:00,1,1.4235699231560275,1261.247191011236,,0,6,506.28656351314885
2495,14790,2015-05-25 00:00:00,1,1.5873004058116962,1261.247191011236,,0,0,461.36590559288214
2496,14790,2015-05-26 00:00:00,1,-0.47979340935038534,339.0,,0,1,433.36309828373464
2497,14790,2015-05-27 00:00:00,1,-0.4963307316694828,339.0,,0,2,433.38391276337654
2498,14790,2015-05-28 00:00:00,1,1.4046426734323623,1149.0,,0,3,439.5695079323832
2499,14790,2015-05-29 00:00:00,1,1.3087914113982473,1149.0,,0,4,493.94088278743095
2500,14790,2015-05-30 00:00:00,1,1.3087914113982473,1149.0,,0,5,494.2101135566599
2501,14790,2015-05-31 00:00:00,1,-0.5036057026474217,339.0,,0,6,440.709960608611
2502,14790,2015-06-01 00:00:00,1,-0.497149026150239,339.0,,0,0,432.87757792174284
2503,14790,2015-06-02 00:00:00,1,-0.4979170001963306,339.0,,0,1,435.10392978769835
2504,14790,2015-06-03 00:00:00,1,-0.5733100415464827,339.0,,0,2,443.6214768780922
2505,14790,2015-06-04 00:00:00,1,1.2367906374541673,1149.0,,0,3,537.608258827906
2506,14790,2015-06-05 00:00:00,1,1.1869950211096383,1149.0,,0,4,559.8474849208116
2507,14790,2015-06-06 00:00:00,1,1.1929428320074078,1149.0,,0,5,559.7922813008943
2508,14790,2015-06-07 00:00:00,1,-0.6512262309530161,339.0,,0,6,526.620735354575
2509,14790,2015-06-08 00:00:00,1,-0.49856334386611684,339.0,,0,0,435.30063609097874
2510,14790,2015-06-09 00:00:00,1,-0.46912070658203237,339.0,,0,1,435.1571971769455
2511,14790,2015-06-10 00:00:00,1,-0.4855463865776956,339.0,,0,2,435.3654034224064
2512,14790,2015-06-11 00:00:00,1,1.3913884367985616,1149.0,,0,3,458.9657213940996
2513,14790,2015-06-12 00:00:00,1,1.2717535826732171,1149.0,,0,4,504.8780767411627
2514,14790,2015-06-13 00:00:00,1,1.2717535826732171,1149.0,,0,5,505.2564296823371
2515,14790,2015-06-14 00:00:00,1,-0.519954043671391,339.0,,0,6,455.1643459158889
2516,14790,2015-06-15 00:00:00,1,-0.4921542697970456,339.0,,0,0,435.255090889519
2517,14790,2015-06-16 00:00:00,1,-0.48580368842894533,339.0,,0,1,435.6496610252644
2518,14790,2015-06-17 00:00:00,1,-0.49559054861672597,339.0,,0,2,436.1492085365831
2519,14790,2015-06-18 00:00:00,1,1.413434520070058,1149.0,,0,3,437.765045640652
2520,14790,2015-06-19 00:00:00,1,1.334800613158948,1149.0,,0,4,491.46575443194365
2521,14790,2015-06-20 00:00:00,1,1.3100967457114487,1149.0,,0,5,486.4894628734547
2522,14790,2015-06-21 00:00:00,1,-0.5087136812905733,339.0,,0,6,433.49183044262827
2523,14790,2015-06-22 00:00:00,1,-0.5087136812905733,339.0,,0,0,432.15980429884604
2524,14790,2015-06-23 00:00:00,1,-0.49195517278696355,339.0,,0,1,432.3654687868553
2525,14790,2015-06-24 00:00:00,1,-0.5087136812905733,339.0,,0,2,432.72102434241526
2526,14790,2015-06-25 00:00:00,1,1.4134514753955367,1149.0,,0,3,432.00632385275935
2527,14790,2015-06-26 00:00:00,1,1.3329366213289822,1149.0,,0,4,481.31590002697203
2528,14790,2015-06-27 00:00:00,1,1.3096168884107586,1149.0,,0,5,481.58518107272823
2529,14790,2015-06-28 00:00:00,1,-0.5328562171599835,339.0,,0,6,433.303159418662
2530,14790,2015-06-29 00:00:00,1,-0.525081339966676,339.0,,0,0,433.5367106169185
2531,14790,2015-06-30 00:00:00,1,-0.5083077932997004,339.0,,0,1,433.4439001594079
2532,14790,2015-07-01 00:00:00,1,-0.5365726784601961,339.0,,0,2,433.8639437323939
2533,14790,2015-07-02 00:00:00,1,1.2096221112448982,1149.0,,0,3,476.4804364532559
2534,14790,2015-07-03 00:00:00,1,1.130476407921531,1149.0,,0,4,508.39573966714426
2535,14790,2015-07-04 00:00:00,1,1.130476407921531,1149.0,,0,5,508.66371352335034
2536,14790,2015-07-05 00:00:00,1,-0.5362741178009715,339.0,,0,6,466.1503356273905
2537,14790,2015-07-06 00:00:00,1,-0.4991336786725005,339.0,,0,0,433.4351855624544
2538,14790,2015-07-07 00:00:00,1,-0.4825458517094319,339.0,,0,1,434.0848587650719
2539,14790,2015-07-08 00:00:00,1,-0.4991336786725005,339.0,,0,2,441.6565059252292
2540,14790,2015-07-09 00:00:00,0,0.0,,,1,3,446.5156928047049
2541,14790,2015-07-10 00:00:00,0,0.0,,,1,4,485.3404912268827
2542,14790,2015-07-11 00:00:00,0,0.0,,,1,5,485.34049122688407
2543,14790,2015-07-12 00:00:00,1,-0.4991336786725005,339.0,,0,6,436.0315614777482
2544,14790,2015-07-13 00:00:00,1,-0.4991336786725005,339.0,,0,0,432.80642739252346
2545,14790,2015-07-14 00:00:00,1,-0.4825458517094319,339.0,,0,1,432.7179742334806
2546,14790,2015-07-15 00:00:00,1,-0.4991336786725005,339.0,,0,2,432.4338783729149
2547,14790,2015-07-16 00:00:00,1,1.4379311418029201,1149.0,,0,3,434.01644917901643
2548,14790,2015-07-17 00:00:00,1,1.373086527526457,1149.0,,0,4,482.723523142227
2549,14790,2015-07-18 00:00:00,1,1.373086527526457,1149.0,,0,5,483.29627482688096
2550,14790,2015-07-19 00:00:00,1,-0.4991336786725005,339.0,,0,6,432.1846409001537
2551,14790,2015-07-20 00:00:00,1,-0.48393758467615056,339.0,,0,0,433.87396551888276
2552,14790,2015-07-21 00:00:00,1,-0.46751025756071146,339.0,,0,1,433.8129633402361
2553,14790,2015-07-22 00:00:00,1,-0.48393758467615056,339.0,,0,2,432.7715690047255
2554,14790,2015-07-23 00:00:00,1,1.4377795703295924,1149.0,,0,3,433.9114382857683
2555,14790,2015-07-24 00:00:00,1,1.3566301009494597,1149.0,,0,4,488.26213452243616
2556,14790,2015-07-25 00:00:00,1,1.3566301009494597,1149.0,,0,5,488.57616167175615
2557,14790,2015-07-26 00:00:00,1,-0.4947716436873861,339.0,,0,6,432.2478217280362
2558,14790,2015-07-27 00:00:00,1,-0.48393758467615056,339.0,,0,0,434.0678653010163
2559,14790,2015-07-28 00:00:00,1,-0.46751025756071146,339.0,,0,1,433.96198294807925
2560,14790,2015-07-29 00:00:00,1,-0.48393758467615056,339.0,,0,2,432.54716813326456
2561,14790,2015-07-30 00:00:00,1,1.462352472587927,1149.0,,0,3,434.152396891436
2562,14790,2015-07-31 00:00:00,1,1.3777150779654326,1149.0,,0,4,485.8480685379404
2563,14790,2015-08-01 00:00:00,1,1.3832172924931179,1149.0,,0,5,486.15743672966164
2564,14790,2015-08-02 00:00:00,1,-0.48880385131150933,339.0,,0,6,431.54692222631485
2565,14790,2015-08-03 00:00:00,1,-0.48880385131150933,339.0,,0,0,429.1280823031182
2566,14790,2015-08-04 00:00:00,1,-0.47239281115454695,339.0,,0,1,429.05531541857886
2567,14790,2015-08-05 00:00:00,1,-0.48880385131150933,339.0,,0,2,429.5855986429807
2568,14790,2015-08-06 00:00:00,1,1.4362543531851488,1149.0,,0,3,431.17556672323695
2569,14790,2015-08-07 00:00:00,1,1.3620900571562686,1149.0,,0,4,475.8837140085538
2570,14790,2015-08-08 00:00:00,1,1.3620900571562686,1149.0,,0,5,476.20920420463625
2571,14790,2015-08-09 00:00:00,1,-0.48880385131150933,339.0,,0,6,429.46315855582975
2572,14790,2015-08-10 00:00:00,1,-0.48880385131150933,339.0,,0,0,431.5987740781782
2573,14790,2015-08-11 00:00:00,1,-0.47239281115454695,339.0,,0,1,431.53167168165714
2574,14790,2015-08-12 00:00:00,1,-0.48880385131150933,339.0,,0,2,432.08635577751915
2575,14790,2015-08-13 00:00:00,1,1.4608231841828705,1149.0,,0,3,433.71249956837164
2576,14790,2015-08-14 00:00:00,1,1.3836040984706122,1149.0,,0,4,478.67947891108304
2577,14790,2015-08-15 00:00:00,1,1.3836040984706122,1149.0,,0,5,479.0080192160938
2578,14790,2015-08-16 00:00:00,1,0.3158753127605072,713.8314606741573,,0,6,457.6162449820174
2579,14790,2015-08-17 00:00:00,1,0.3158753127605072,713.8314606741573,,0,0,457.472806067987
2580,14790,2015-08-18 00:00:00,1,0.31906330766516316,713.8314606741573,,0,1,457.4017653440145
2581,14790,2015-08-19 00:00:00,1,0.3124194655562756,713.8314606741573,,0,2,457.9759734888115
2582,14790,2015-08-20 00:00:00,1,1.856116917696705,1305.4044943820224,,0,3,459.66511376030445
2583,14790,2015-08-21 00:00:00,1,1.3800302895084977,1149.0,,0,4,492.47052655704806
2584,14790,2015-08-22 00:00:00,1,1.375705555586961,1149.0,,0,5,489.18556152116577
2585,14790,2015-08-23 00:00:00,1,-0.48880385131150933,339.0,,0,6,432.1909309409217
2586,14790,2015-08-24 00:00:00,1,-0.48880385131150933,339.0,,0,0,432.04888301063033
2587,14790,2015-08-25 00:00:00,1,-0.47239281115454695,339.0,,0,1,431.97001590823936
2588,14790,2015-08-26 00:00:00,1,-0.48880385131150933,339.0,,0,2,432.5203427056236
2589,14790,2015-08-27 00:00:00,1,1.4608231841828705,1149.0,,0,3,434.1286215727246
2590,14790,2015-08-28 00:00:00,1,1.3616038335720084,1149.0,,0,4,479.03982749495896
2591,14790,2015-08-29 00:00:00,1,1.3616038335720084,1149.0,,0,5,479.34483838820694
2592,14790,2015-08-30 00:00:00,1,-0.48880385131150933,339.0,,0,6,432.32905730257244
2593,14790,2015-08-31 00:00:00,1,-0.48880385131150933,339.0,,0,0,432.17350174702005
2594,14790,2015-09-01 00:00:00,1,-0.47239281115454695,339.0,,0,1,432.07154096270324
2595,14790,2015-09-02 00:00:00,1,-0.48880385131150933,339.0,,0,2,432.8788891969209
2596,14790,2015-09-03 00:00:00,1,1.4606097874523876,1149.0,,0,3,439.66363865226157
2597,14790,2015-09-04 00:00:00,1,1.2338873863897104,1149.0,,0,4,482.6154914572395
2598,14790,2015-09-05 00:00:00,1,1.2338873863897104,1149.0,,0,5,482.90568753567044
2599,14790,2015-09-06 00:00:00,1,-0.6016533132596231,339.0,,0,6,448.0041969944564
2600,14790,2015-09-07 00:00:00,1,-0.6156822773316933,339.0,,0,0,441.7606240097057
2601,14790,2015-09-08 00:00:00,1,-0.46878183154065967,339.0,,0,1,432.3268194801487
2602,14790,2015-09-09 00:00:00,1,-0.4853364813998884,339.0,,0,2,432.834009022632
2603,14790,2015-09-10 00:00:00,1,1.3564208739135208,1149.0,,0,3,472.57612574874383
2604,14790,2015-09-11 00:00:00,1,1.290498687983952,1149.0,,0,4,515.096912514364
2605,14790,2015-09-12 00:00:00,1,1.290498687983952,1149.0,,0,5,515.3973650030514
2606,14790,2015-09-13 00:00:00,1,-0.5171242774389954,339.0,,0,6,470.63766421028066
2607,14790,2015-09-14 00:00:00,1,-0.4853364813998884,339.0,,0,0,432.33379115770407
2608,14790,2015-09-15 00:00:00,1,-0.46878183154065967,339.0,,0,1,432.1934861468126
2609,14790,2015-09-16 00:00:00,1,0.3317046587394828,713.8314606741573,,0,2,458.25107341945056
2610,14790,2015-09-17 00:00:00,1,1.8853998288861233,1305.4044943820224,,0,3,460.59224989003684
2611,14790,2015-09-18 00:00:00,1,1.8812581410740958,1305.4044943820224,,0,4,503.33168235776066
2612,14790,2015-09-19 00:00:00,1,1.8812581410740958,1305.4044943820224,,0,5,503.3316823577605
2613,14790,2015-09-20 00:00:00,1,0.3356423017569955,713.8314606741573,,0,6,432.2618957328651
2614,14790,2015-09-21 00:00:00,1,-0.4853364813998884,339.0,,0,0,432.0906539028029
2615,14790,2015-09-22 00:00:00,1,-0.46878183154065967,339.0,,0,1,432.0388020509547
2616,14790,2015-09-23 00:00:00,1,-0.4853364813998884,339.0,,0,2,445.67523138946905
2617,14790,2015-09-24 00:00:00,1,1.3539365276644766,1149.0,,0,3,483.1799318927438
2618,14790,2015-09-25 00:00:00,1,1.269500332852318,1149.0,,0,4,522.7130994356071
2619,14790,2015-09-26 00:00:00,1,1.269500332852318,1149.0,,0,5,522.9874691835067
2620,14790,2015-09-27 00:00:00,1,-0.5284115878791126,339.0,,0,6,481.3757302120666
2621,14790,2015-09-28 00:00:00,1,-0.4853364813998884,339.0,,0,0,445.2294330701433
2622,14790,2015-09-29 00:00:00,1,-0.46878183154065967,339.0,,0,1,445.1214498768662
2623,14790,2015-09-30 00:00:00,1,-0.4853364813998884,339.0,,0,2,445.60968517098456
2624,14790,2015-10-01 00:00:00,1,1.7064351268127964,1305.4044943820224,,0,3,642.5376646756065
2625,14790,2015-10-02 00:00:00,1,1.6198825749731847,1305.4044943820224,,0,4,687.5314446261125
2626,14790,2015-10-03 00:00:00,1,1.6200034275750974,1305.4044943820224,,0,5,687.0705202563657
2627,14790,2015-10-04 00:00:00,1,0.10352796300134628,713.8314606741573,,0,6,657.91744876746
2628,14790,2015-10-05 00:00:00,1,-0.602411389578961,339.0,,0,0,549.1265497141529
2629,14790,2015-10-06 00:00:00,1,-0.5660709121894263,339.0,,0,1,491.5500416852026
2630,14790,2015-10-07 00:00:00,1,-0.5819631590639956,339.0,,0,2,481.1756719373002
2631,14790,2015-10-08 00:00:00,1,1.7069613132111001,1305.4044943820224,,0,3,631.9263103664368
2632,14790,2015-10-09 00:00:00,1,1.5654243213042434,1305.4044943820224,,0,4,687.013515310701
2633,14790,2015-10-10 00:00:00,1,1.5743163280621062,1305.4044943820224,,0,5,686.7168766552396
2634,14790,2015-10-11 00:00:00,1,0.06343701068369383,713.8314606741573,,0,6,658.1797813242453
2635,14790,2015-10-12 00:00:00,1,-0.4991290592853374,339.0,,0,0,513.9765293343951
2636,14790,2015-10-13 00:00:00,1,-0.46878183154065967,339.0,,0,1,445.51976920459305
2637,14790,2015-10-14 00:00:00,1,-0.4853364813998884,339.0,,0,2,445.80128180964016
2638,14790,2015-10-15 00:00:00,1,1.4757458183013907,1149.0,,0,3,447.3622061793851
2639,14790,2015-10-16 00:00:00,1,1.4004961153463418,1149.0,,0,4,487.8417800904637
2640,14790,2015-10-17 00:00:00,1,1.4004961153463418,1149.0,,0,5,488.14934311567345
2641,14790,2015-10-18 00:00:00,1,-0.4853364813998884,339.0,,0,6,445.63489525502075
2642,14790,2015-10-19 00:00:00,1,-0.4853364813998884,339.0,,0,0,445.4756515575388
2643,14790,2015-10-20 00:00:00,1,-0.46878183154065967,339.0,,0,1,445.4017019777067
2644,14790,2015-10-21 00:00:00,1,0.25179704539926606,713.8314606741573,,0,2,445.86724819619286
2645,14790,2015-10-22 00:00:00,1,1.387149025134409,1305.4044943820224,,0,3,728.9293877543612
2646,14790,2015-10-23 00:00:00,1,1.2740391158093038,1305.4044943820224,,0,4,769.6018674820151
2647,14790,2015-10-24 00:00:00,1,1.2740391158093038,1305.4044943820224,,0,5,768.6455649610184
2648,14790,2015-10-25 00:00:00,1,-0.06462643758539864,713.8314606741573,,0,6,749.4985782028098
2649,14790,2015-10-26 00:00:00,1,-0.576193240288724,339.0,,0,0,533.284400205514
2650,14790,2015-10-27 00:00:00,1,-0.4795179541121445,339.0,,0,1,445.3731305491344
2651,14790,2015-10-28 00:00:00,1,-0.49623511669337517,339.0,,0,2,445.84834063316805
2652,14790,2015-10-29 00:00:00,1,1.4619802956336976,1149.0,,0,3,485.9453994566959
2653,14790,2015-10-30 00:00:00,1,1.3691960633050113,1149.0,,0,4,498.7439103086812
2654,14790,2015-10-31 00:00:00,1,1.3377441311212406,1149.0,,0,5,502.96992607581257
2655,14790,2015-11-01 00:00:00,1,-0.5389890260673057,339.0,,0,6,509.13424551058245
2656,14790,2015-11-02 00:00:00,1,-0.4853364813998884,339.0,,0,0,491.516407860059
2657,14790,2015-11-03 00:00:00,1,-0.46878183154065967,339.0,,0,1,491.38027340627366
2658,14790,2015-11-04 00:00:00,1,-0.4853364813998884,339.0,,0,2,453.27523138947276
2659,14790,2015-11-05 00:00:00,1,1.3596536330742772,1149.0,,0,3,501.1670106417669
2660,14790,2015-11-06 00:00:00,1,1.2991957547906727,1149.0,,0,4,531.4656459301096
2661,14790,2015-11-07 00:00:00,1,1.2991957547906727,1149.0,,0,5,531.7005198796892
2662,14790,2015-11-08 00:00:00,1,-0.5654498812741671,339.0,,0,6,499.253145095547
2663,14790,2015-11-09 00:00:00,1,-0.4853364813998884,339.0,,0,0,452.6311137424128
2664,14790,2015-11-10 00:00:00,1,-0.46878183154065967,339.0,,0,1,452.48153391047583
2665,14790,2015-11-11 00:00:00,1,-0.4853364813998884,339.0,,0,2,452.94035743988877
2666,14790,2015-11-12 00:00:00,1,1.4757458183013907,1149.0,,0,3,454.4235507171999
2667,14790,2015-11-13 00:00:00,1,1.4004271979562615,1149.0,,0,4,490.0344418063112
2668,14790,2015-11-14 00:00:00,1,1.4004271979562615,1149.0,,0,5,490.2735174365607
2669,14790,2015-11-15 00:00:00,1,-0.5125828147557722,339.0,,0,6,452.5038028180379
2670,14790,2015-11-16 00:00:00,1,-0.5125828147557722,339.0,,0,0,452.288256599551
2671,14790,2015-11-17 00:00:00,1,-0.5125828147557722,339.0,,0,1,452.1462397928351
2672,14790,2015-11-18 00:00:00,1,-0.5125828147557722,339.0,,0,2,452.60800449871414
2673,14790,2015-11-19 00:00:00,1,1.4251715304772887,1149.0,,0,3,454.09161794409147
2674,14790,2015-11-20 00:00:00,1,1.3543202554857314,1149.0,,0,4,489.70881155421023
2675,14790,2015-11-21 00:00:00,1,1.3543202554857314,1149.0,,0,5,489.948727520598
2676,14790,2015-11-22 00:00:00,1,-0.515936212199878,339.0,,0,6,452.19497928863103
2677,14790,2015-11-23 00:00:00,1,-0.515936212199878,339.0,,0,0,451.992458280228
2678,14790,2015-11-24 00:00:00,1,-0.515936212199878,339.0,,0,1,451.85632382644394
2679,14790,2015-11-25 00:00:00,1,-0.6223318010377896,339.0,,0,2,452.330273406278
2680,14790,2015-11-26 00:00:00,1,1.2222333486688617,1149.0,,0,3,495.97110836333127
2681,14790,2015-11-27 00:00:00,1,1.1534396749312386,1149.0,,0,4,525.4595426640617
2682,14790,2015-11-28 00:00:00,1,1.1534396749312386,1149.0,,0,5,525.7070216556591
2683,14790,2015-11-29 00:00:00,1,-0.6496702200264717,339.0,,0,6,488.8685873549301
2684,14790,2015-11-30 00:00:00,1,-0.5125828147557722,339.0,,0,0,451.79035743989067
2685,14790,2015-12-01 00:00:00,1,-0.5125828147557722,339.0,,0,1,451.6584246667828
2686,14790,2015-12-02 00:00:00,1,-0.5125828147557722,339.0,,0,2,452.1294330701416
2687,14790,2015-12-03 00:00:00,1,1.4253567015011877,1149.0,,0,3,453.6550633222429
2688,14790,2015-12-04 00:00:00,1,1.3543202554857314,1149.0,,0,4,489.2861224785803
2689,14790,2015-12-05 00:00:00,1,1.3543202554857314,1149.0,,0,5,489.559231722277
2690,14790,2015-12-06 00:00:00,1,-0.5125828147557722,339.0,,0,6,451.813466683592
2691,14790,2015-12-07 00:00:00,1,-0.5125828147557722,339.0,,0,0,452.9172481961954
2692,14790,2015-12-08 00:00:00,1,-0.5125828147557722,339.0,,0,1,451.5348952550146
2693,14790,2015-12-09 00:00:00,1,-0.5125828147557722,339.0,,0,2,452.00968517098306
2694,14790,2015-12-10 00:00:00,1,0.6482587287326567,830.4606741573034,,0,3,453.54203811215956
2695,14790,2015-12-11 00:00:00,1,1.3543202554857314,1149.0,,0,4,489.20082836093263
2696,14790,2015-12-12 00:00:00,1,1.3543202554857314,1149.0,,0,5,489.48024012563985
2697,14790,2015-12-13 00:00:00,1,-0.5125828147557722,339.0,,0,6,451.76220617938634
2698,14790,2015-12-14 00:00:00,1,-0.5125828147557722,339.0,,0,0,445.8827791914591
2699,14790,2015-12-15 00:00:00,1,-0.5125828147557722,339.0,,0,1,445.78663314682944
2700,14790,2015-12-16 00:00:00,1,-0.5125828147557722,339.0,,0,2,446.2726372036268
2701,14790,2015-12-17 00:00:00,1,0.6471412822224509,830.4606741573034,,0,3,447.7574242218814
2702,14790,2015-12-18 00:00:00,1,1.3543202554857314,1149.0,,0,4,486.84074507720055
2703,14790,2015-12-19 00:00:00,1,1.3543202554857314,1149.0,,0,5,487.12877753156295
2704,14790,2015-12-20 00:00:00,1,-0.515936212199878,339.0,,0,6,446.2446453172219
2705,14790,2015-12-21 00:00:00,1,-0.515936212199878,339.0,,0,0,445.93227209206907
2706,14790,2015-12-22 00:00:00,1,-0.515936212199878,339.0,,0,1,445.8547873050471
2707,14790,2015-12-23 00:00:00,1,-0.5199099827419483,339.0,,0,2,446.3558015038283
2708,14790,2015-12-24 00:00:00,1,1.0769460817792884,1035.3483146067415,,0,3,468.7650961457181
2709,14790,2015-12-25 00:00:00,1,1.206864814465278,1149.0,,0,4,498.25429677653557
2710,14790,2015-12-26 00:00:00,1,1.206864814465278,1149.0,,0,5,498.5561223343446
2711,14790,2015-12-27 00:00:00,1,0.6296507384254169,860.0,,0,6,456.8789582565048
2712,14790,2015-12-28 00:00:00,1,-0.6227266798652518,339.0,,0,0,456.7410272220246
2713,14790,2015-12-29 00:00:00,1,-0.6227266798652518,339.0,,0,1,454.91060125853494
2714,14790,2015-12-30 00:00:00,1,-0.6227266798652518,339.0,,0,2,476.4146140108665
2715,14790,2015-12-31 00:00:00,1,0.49024940636186704,830.4606741573034,,0,3,498.76634142007157
2716,14790,2016-01-01 00:00:00,1,1.20182331998312,1149.0,,0,4,514.0115783648916
2717,14790,2016-01-02 00:00:00,1,1.218131359510099,1149.0,,0,5,511.0811303099437
2718,14790,2016-01-03 00:00:00,1,-0.5163006478850677,339.0,,0,6,454.51807330910185
2719,14790,2016-01-04 00:00:00,1,-0.5125828147557722,339.0,,0,0,452.8499191508889
2720,14790,2016-01-05 00:00:00,1,-0.5125828147557722,339.0,,0,1,449.9103653983496
2721,14790,2016-01-06 00:00:00,1,-0.5125828147557722,339.0,,0,2,450.29778933344255
2722,14790,2016-01-07 00:00:00,1,-0.5125828147557722,339.0,,0,3,453.2117852766479
2723,14790,2016-01-08 00:00:00,1,1.3543202554857314,1149.0,,0,4,486.94784446868135
2724,14790,2016-01-09 00:00:00,1,1.3543202554857314,1149.0,,0,5,485.96082621310256
2725,14790,2016-01-10 00:00:00,1,-0.5125828147557722,339.0,,0,6,454.1261868993638
2726,14790,2016-01-11 00:00:00,1,-0.5125828147557722,339.0,,0,0,452.41381367421167
2727,14790,2016-01-12 00:00:00,1,-0.5125828147557722,339.0,,0,1,449.72010170666516
2728,14790,2016-01-13 00:00:00,1,-0.5125828147557722,339.0,,0,2,450.3050915646797
2729,14790,2016-01-14 00:00:00,1,-0.5125828147557722,339.0,,0,3,452.66127817725777
2730,14790,2016-01-15 00:00:00,1,1.3543202554857314,1149.0,,0,4,486.30037996563834
2731,14790,2016-01-16 00:00:00,1,1.3543202554857314,1149.0,,0,5,486.06468016847714
2732,14790,2016-01-17 00:00:00,1,-0.5125828147557722,339.0,,0,6,453.7850104287831
2733,14790,2016-01-18 00:00:00,1,-0.5125828147557722,339.0,,0,0,451.64910779186414
2734,14790,2016-01-19 00:00:00,1,-0.5125828147557722,339.0,,0,1,449.70711996224713
2735,14790,2016-01-20 00:00:00,1,-0.5125828147557722,339.0,,0,2,450.2576270616378
2736,14790,2016-01-21 00:00:00,1,-0.5125828147557722,339.0,,0,3,452.98419906975306
2737,14790,2016-01-22 00:00:00,1,1.3303461693700487,1149.0,,0,4,487.24277347476453
2738,14790,2016-01-23 00:00:00,1,1.3543202554857314,1149.0,,0,5,488.67865821572786
2739,14790,2016-01-24 00:00:00,1,-0.5125828147557722,339.0,,0,6,455.31022409714876
2740,14790,2016-01-25 00:00:00,1,-0.5125828147557722,339.0,,0,0,453.9990679105393
2741,14790,2016-01-26 00:00:00,1,-0.5125828147557722,339.0,,0,1,452.5641794724039
2742,14790,2016-01-27 00:00:00,1,-0.5125828147557722,339.0,,0,2,453.79698357317824
2743,14790,2016-01-28 00:00:00,1,-0.5125828147557722,339.0,,0,3,456.4136557507282
2744,14790,2016-01-29 00:00:00,1,1.3543202554857314,1149.0,,0,4,491.2611815266966
2745,14790,2016-01-30 00:00:00,1,1.3543202554857314,1149.0,,0,5,490.6498225003245
2746,14790,2016-01-31 00:00:00,1,-0.5125828147557722,339.0,,0,6,459.31571044156664
2747,14790,2016-02-01 00:00:00,1,-0.5125828147557722,339.0,,0,0,457.0792159632015
2748,14790,2016-02-02 00:00:00,1,-0.5125828147557722,339.0,,0,1,460.08136709801556
2749,14790,2016-02-03 00:00:00,0,0.0,,,1,2,460.6611990307881
2750,14790,2016-02-04 00:00:00,1,-0.512582814755772,339.0,,0,3,462.5705206794896
2751,14790,2016-02-05 00:00:00,1,1.3543202554857314,1149.0,,0,4,496.98847065017736
2752,14790,2016-02-06 00:00:00,0,0.0,,,1,5,493.1698012768438
2753,14790,2016-02-07 00:00:00,1,-0.512582814755772,339.0,,0,6,460.66603996052834
2754,14790,2016-02-08 00:00:00,0,0.0,,,1,0,459.1301031096747
2755,14790,2016-02-09 00:00:00,1,-0.5186458447181644,339.0,,0,1,457.03371756750744
2756,14790,2016-02-10 00:00:00,0,0.0,,,1,2,452.1653501001931
2757,14790,2016-02-11 00:00:00,1,-0.5363623715773912,339.0,339.0,1,3,454.37309807805536
2758,14790,2016-02-12 00:00:00,1,1.2954183219047635,1149.0,1149.0,1,4,493.4479703641341
2759,14790,2016-02-13 00:00:00,1,1.3698064251492523,1149.0,1149.0,1,5,493.86687964123905
2760,14790,2016-02-14 00:00:00,1,-0.6185612036375305,339.0,339.0,1,6,463.1298732313825
2761,14790,2016-02-15 00:00:00,1,-0.5158493834903243,339.0,,0,0,453.12536624411905
2762,14790,2016-02-16 00:00:00,1,-0.5158493834903243,339.0,,0,1,454.73825906481477
2763,14790,2016-02-17 00:00:00,1,-0.5214363750981936,339.0,,0,2,455.30732540883355
2764,14790,2016-02-18 00:00:00,1,-0.5429815710171022,339.0,,0,3,458.183442905641
2765,14790,2016-02-19 00:00:00,1,1.3750342281554093,1149.0,,0,4,493.45355784817014
2766,14790,2016-02-20 00:00:00,1,1.3509333740229201,1149.0,,0,5,493.29914209562185
2767,14790,2016-02-21 00:00:00,1,-0.5429815710171022,339.0,,0,6,458.77586246000715
2768,14790,2016-02-22 00:00:00,1,-0.5616361729126345,339.0,,0,0,457.3063745904844
2769,14790,2016-02-23 00:00:00,1,-0.5429815710171022,339.0,,0,1,458.56957632294865
2770,14790,2016-02-24 00:00:00,1,-0.5429815710171022,339.0,,0,2,458.65261813537717
2771,14790,2016-02-25 00:00:00,1,-0.5429815710171022,339.0,,0,3,460.7362707535134
2772,14790,2016-02-26 00:00:00,1,1.3750342281554093,1149.0,,0,4,495.7911877394653
2773,14790,2016-02-27 00:00:00,1,1.3750342281554093,1149.0,,0,5,495.5702426564495
2774,14790,2016-02-28 00:00:00,1,-0.5429815710171022,339.0,,0,6,461.2132822477671
2775,14790,2016-02-29 00:00:00,1,-0.5429815710171022,339.0,,0,0,460.75223499361687
2776,14790,2016-03-01 00:00:00,1,-0.526640669491112,339.0,,0,1,459.6998722860792
2777,14790,2016-03-02 00:00:00,1,-0.5291093950710383,339.0,,0,2,460.33652618135693
2778,14790,2016-03-03 00:00:00,1,-0.6524460386602199,339.0,,0,3,512.5223499361432
2779,14790,2016-03-04 00:00:00,1,0.9591243547779701,1149.0,,0,4,545.0932311621971
2780,14790,2016-03-05 00:00:00,1,0.9591243547779701,1149.0,,0,5,554.358876117497
2781,14790,2016-03-06 00:00:00,1,-0.6570895641682605,339.0,,0,6,524.8659003831428
2782,14790,2016-03-07 00:00:00,1,-0.6908330130872641,339.0,,0,0,529.5670498084297
2783,14790,2016-03-08 00:00:00,1,-0.6947524081180197,339.0,,0,1,526.7062579821219
2784,14790,2016-03-09 00:00:00,0,0.0,,,1,2,546.482758620691
2785,14790,2016-03-10 00:00:00,1,-0.6947524081180197,339.0,,0,3,551.7128647214863
2786,14790,2016-03-11 00:00:00,1,0.7796153713704231,1149.0,,0,4,607.5086206896564
2787,14790,2016-03-12 00:00:00,1,0.7796153713704231,1149.0,,0,5,607.9587559161607
2788,14790,2016-03-13 00:00:00,1,-0.7177510214483971,339.0,,0,6,579.9014285714312
2789,14790,2016-03-14 00:00:00,1,-0.6916357106997605,339.0,,0,0,587.0736607142882
2790,14790,2016-03-15 00:00:00,1,-0.7086920372142059,339.0,,0,1,584.6887400793643
2791,14790,2016-03-16 00:00:00,0,0.0,,,1,2,589.8250379939228
2792,14790,2016-03-17 00:00:00,1,-0.6978070891792004,339.0,,0,3,610.9329501915736
2793,14790,2016-03-18 00:00:00,1,0.7663703842001183,1149.0,,0,4,636.668582375481
2794,14790,2016-03-19 00:00:00,1,0.7663703842001183,1149.0,,0,5,635.4607279693508
2795,14790,2016-03-20 00:00:00,1,-0.6890396891047107,339.0,,0,6,604.9070881226078
2796,14790,2016-03-21 00:00:00,1,-0.5598538964580587,339.0,,0,0,540.5823754789278
2797,14790,2016-03-22 00:00:00,1,-0.5598538964580587,339.0,,0,1,533.5536398467435
2798,14790,2016-03-23 00:00:00,1,-0.5346342708313866,339.0,,0,2,471.69252873563386
2799,14790,2016-03-24 00:00:00,1,-0.5346342708313866,339.0,,0,3,476.4712643678173
2800,14790,2016-03-25 00:00:00,1,1.0671591552941093,1149.0,,0,4,504.4511494252875
2801,14790,2016-03-26 00:00:00,0,0.0,,,1,5,503.89176245210837
2802,14790,2016-03-27 00:00:00,1,-0.5502574545291202,339.0,,0,6,471.93353174603374
2803,14790,2016-03-28 00:00:00,1,-0.5430368643901384,339.0,,0,0,469.6061224489778
2804,14790,2016-03-29 00:00:00,1,-0.5430368643901384,339.0,,0,1,464.4786414565833
2805,14790,2016-03-30 00:00:00,1,-0.5278736531949499,339.0,,0,2,481.4422222222213
2806,14790,2016-03-31 00:00:00,0,0.0,,,1,3,486.76222222222486
2807,14790,2016-04-01 00:00:00,1,1.0704347051056504,1149.0,,0,4,515.7822222222231
2808,14790,2016-04-02 00:00:00,0,0.0,,,1,5,506.8160919540242
2809,14790,2016-04-03 00:00:00,0,0.0,,,1,6,482.82639714625566
2810,14790,2016-04-04 00:00:00,1,-0.5430368643901384,339.0,,0,0,480.4064039408877
2811,14790,2016-04-05 00:00:00,1,-0.5430368643901383,339.0,,0,1,478.7598978288636
2812,14790,2016-04-06 00:00:00,1,-0.5430368643901383,339.0,,0,2,478.90053050397967
2813,14790,2016-04-07 00:00:00,0,0.0,,,1,3,482.30827586206993
2814,14790,2016-04-08 00:00:00,1,1.0498607882153594,1149.0,,0,4,510.44252873563346
2815,14790,2016-04-09 00:00:00,1,0.0,1149.0,,0,5,514.4524561403497
2816,14790,2016-04-10 00:00:00,1,0.0,339.0,,0,6,488.05282651072304
2817,14790,2016-04-11 00:00:00,1,0.0,339.0,,0,0,486.3176413255341
2818,14790,2016-04-12 00:00:00,1,0.0,339.0,,0,1,484.56023391813187
2819,14790,2016-04-13 00:00:00,1,0.0,339.0,,0,2,485.84912280701974
2820,14790,2016-04-14 00:00:00,1,0.0,339.0,,0,3,484.03684922244895
2821,14790,2016-04-15 00:00:00,1,0.0,1149.0,,0,4,513.8097363083178
2822,14790,2016-04-16 00:00:00,0,0.0,,,1,5,513.9043103448306
2823,14790,2016-04-17 00:00:00,1,0.0,339.0,,0,6,487.5103448275893
2824,14790,2016-04-18 00:00:00,1,0.0,339.0,,0,0,485.9742326638866
2825,14790,2016-04-19 00:00:00,0,0.0,,,1,1,483.4350132626
2826,14790,2016-04-20 00:00:00,0,0.0,,,1,2,483.0718390804601
2827,14790,2016-04-21 00:00:00,0,0.0,,,1,3,487.3824451410676
2828,14790,2016-04-22 00:00:00,1,0.0,1149.0,,0,4,515.2965517241374
2829,14790,2016-04-23 00:00:00,0,0.0,,,1,5,516.1915708812285
2830,14790,2016-04-24 00:00:00,0,0.0,,,1,6,488.97413793103664
2831,14790,2016-04-25 00:00:00,1,0.0,339.0,,0,0,486.8177339901488
2832,14790,2016-04-26 00:00:00,0,0.0,,,1,1,484.4597701149437
2833,14790,2016-04-27 00:00:00,0,0.0,,,1,2,470.328571428573
2834,14790,2016-04-28 00:00:00,0,0.0,,,1,3,472.07142857143026
2835,14790,2016-04-29 00:00:00,0,0.0,,,1,4,505.2380952380971
2836,14790,2016-04-30 00:00:00,1,0.0,1149.0,,0,5,492.6785714285722
